nome,frequencia
iPhone 16 128GB,2
iPhone 15 128GB 6GB,2
iPhone 16e 128GB 8 GB,2
iPhone 14 128GB 6GB,2
Celular Apple iPhone 15 256GB 6 GB,2
iPhone 16 256GB,2
iPhone 16 Pro Max 256GB,2
Celular Apple iPhone 14 Plus 128GB 6 GB,2
Celular Apple iPhone 14 vermelho 512GB 6 GB,2
Celular Apple iPhone 15 Plus 512GB 6 GB,2
Celular Apple iPhone 16 Pro 128GB,2
Celular Apple iPhone 15 Plus 256GB 6 GB,2
iPhone 13 128GB 4GB,2
Celular Apple iPhone 16e 256GB 8 GB,2
Celular Apple iPhone 11 128GB 4 GB,2
iPhone 13 4 GB 256GB,2
iPhone 15 Plus 128GB,2
iPhone 15 Pro 1TB,2
iPhone 15 Pro Max 8 GB 256GB,2
iPhone 16 Pro 256GB,2
Celular Apple iPhone 16 Pro Max 512GB,2
iPhone 14 256GB 6GB,2
Celular Apple iPhone 16 Plus 128GB,2
Celular Apple iPhone 16 Pro Max 1TB,2
Celular Apple iPhone SE 3 64GB 4 GB,2
Celular Apple iPhone 16 Pro 512GB,2
Celular Apple iPhone 16 512GB,2
Celular Apple iPhone 16e 512GB 8 GB,2
Celular Apple iPhone 13 512GB 4 GB,2
Celular Apple iPhone 16 Plus 256GB,2
iPhone 14 Plus 6 GB 512GB,2
Celular Apple iPhone 16 Pro 1TB,2
Celular Apple iPhone 15 512GB 6 GB,2
iPhone 15 Pro 128GB 8GB,2
Kit 5un Pelicula de Vidro Temperado Iphone XS Max,2
Película Traseira de Fibra de Carbono Transparente para Iphone 6 e 6s - Gshield,2
Celular Apple iPhone 13 128GB 4 GB Usado,1
Celular Apple iPhone 14 Pro 256GB 6 GB Usado,1
Celular Apple iPhone 13 Pro 128GB 6 GB Usado,1
iPhone 13 256GB 4GB Usado,1
Celular Apple iPhone 13 Pro Max 256GB 6 GB Usado,1
Celular Apple iPhone 14 128GB 6 GB Usado,1
Celular Apple iPhone SE 3 128GB 4 GB,1
Celular Apple iPhone 14 Pro Max 128GB 6 GB Usado,1
Celular Apple iPhone 8 64GB,1
iPhone 11 Usado 4 GB 128GB,1
Celular Apple iPhone 13 Mini 128GB 4 GB Usado,1
Celular Apple iPhone 12 Pro Max 128GB 6 GB Usado,1
iPhone 12 Usado 128GB 4GB,1
Celular Apple iPhone 13 Pro Max 128GB 6 GB Usado,1
Celular Apple iPhone 13 Pro 256GB 6 GB Usado,1
iPhone 14 Pro Max 256GB 6GB Usado,1
Celular Apple iPhone 12 Pro 256GB Usado,1
Celular Apple iPhone 12 64GB 4 GB Usado,1
iPhone 15 Pro Max 8 GB 1TB,1
Celular Apple iPhone 11 64GB 4 GB Usado,1
Celular Apple iPhone 11 Pro 256GB 4 GB Usado,1
Celular Apple iPhone 11 Pro Max 256GB 4 GB Usado,1
Celular Apple iPhone 14 Pro 128GB 6 GB Usado,1
iPhone 15 Pro Usado 8 GB 512G,1
Carregador Completo Original Usb-C 20W Turbo Usbc Iphone-11-12-13-14 -,1
Celular Apple iPhone 11 256GB 4 GB Usado,1
Celular Apple iPhone SE 3 256GB 4 GB,1
Celular Apple iPhone 12 Pro Max 256GB 6 GB Usado,1
Celular Apple iPhone 15 Pro Max 512GB 8 GB,1
iPhone 8 Usado 2 GB 64GB,1
Celular Apple iPhone XR 128GB 3 GB Usado,1
Celular Apple iPhone XR 64GB 3 GB Usado,1
Celular Apple iPhone 12 Mini 64GB 4 GB Usado,1
Celular Apple iPhone 13 Mini 256GB 4 GB Usado,1
iPhone 14 Plus 256GB 6GB,1
Celular Apple iPhone 11 Pro Max 64GB 4 GB Usado,1
Celular Apple iPhone 13 Vermelho 128GB 4 GB Usado,1
Celular Apple iPhone 14 Plus 256GB 6 GB Usado,1
Capa para iPhone 3G - Belkin Grip Vector - Silicone / - F8Z474-BKB,1
Película Traseira Adesivo Skin Fibra Carbono Iphone 12 Pro Tela 6.1,1
Película Traseira Skin Fibra Carbono Iphone 11 Pro Max 6.5,1
Pelicula Iphone 11 Pro Max Vidro Temperado 9H Blindado 100% Transparente,1
Película Defender Glass para Iphone 6 Plus e 6s Plus - Branca - Gshield,1
Cabo Usb P/ Iphone 1.2m Branco,1
Pelicula De Gel 5D Iphone Xs,1
Pelicula Vidro 3D Iphone 12 13 14 15 Mini Pro Pro Max - Universo,1
"Pelicula Vidro 3d iPhone 12 13 14 15 Mini Pro Pro Max - Universo, 15 p",1
"Pelicula Vidro 3d iPhone 12 13 14 15 Mini Pro Pro Max - Universo, 12 p",1
Capa Anti Impacto Bordas Resistentes Compatível Iphone 13 Pro Max - Up,1
Pelicula De Vidro Iphone 7 Plus / 8 Plus - Universo,1
Película De Vidro Iphone 12 / Pro / Pro Max Cobre Toda Tela - Universo,1
Pelicula 3D Vidro Para Iphone 13 Curvada Proteção Total Da Tela,1
Capinha Silicone Transparente Antichoque Iphone XS Max,1
Capinha Silicone Transparente Antichoque Iphone XS,1
Película para Lente de Câmera para iPhone X e XS - Gshield,1
Película para Lente de Câmera para Iphone 7 Plus e 8 Plus - Gshield,1
Película para Lente de Câmera para Iphone 7 e 8 - Gshield,1
Película para Lente de Câmera para iPhone 6 e 6S - Gshield,1
Película Privacidade para Iphone 7 - Gshield,1
Capa Case Capinha Anti Impacto Para Iphone 11 Pro Max com Borda Protet,1
Pelicula De Vidro 3d iPhone 6 6s Preto + Capa Anti Impacto - Lenox,1
Película Vidro 3d + Capa Anti Impacto Iphone 6 preto - Lenox,1
Película De Câmera Traseira Para Iphone 12 - 9H Glass 3D,1
Capa Capinha Compatível Com iphone 15 tela 6.1 Anti Impacto transparente,1
Capa Capinha Compatível Com iphone 14 plus tela 6.7 Anti Impacto transparente,1
Capa Capinha Compatível Com iphone 12 pro max tela 6.7 Anti Impacto transparente,1
Película De Vidro Temperado 3D Tela Toda para Apple Iphone 11 - Hmaston,1
Capinha Compatível Com iPhone Pop It Anti Stress Fidget Toy - Caps Pri,1
Película de Vidro temperado 3D para I.PHone 14 Borda preta,1
Película de Vidro 3D Borda branca I.Phone 6 6s 7 8,1
Pelicula de Vidro Temperado 3D Iphone 8 Plus Tela Toda,1
Película Privacidade para iPhone 6 Plus e iPhone 6S Plus - Gshield,1
Cabo Adaptador P2 Lightning Áudio Fone Para iPhone,1
Capinha Antichoque E Película Vidro E Traseira iPhone 11 Pro Max,1
Película De Vidro Temperado 5D Iphone Xr Tela Toda,1
Película De Vidro 3D Para Iphone X Xr Xs - Altomex,1
Pelicula De Vidro Temperado 3D Iphone 7 Tela Toda,1
Película Nano Traseira para Iphone 11 Pro Max - Gshield,1
"Película Traseira de Fibra de Carbono Transparente para Iphone 5 , 5s , SE - Gshield",1
Case Capa Iphone X E Xs Silicone Vm,1
Película Cerâmica Resistente Para Iphone 11,1
Película Cerâmica Gel Silicone Compatível Iphone Series - Difinity,1
Capinha Silicone Protege Câmera Compativel iPhone 11 Pro Max 6.5 Trans,1
Cabo de Dados USB iPhone 6 iPhone 7 iPhone 8 iPhone X XR XS PLUS,1
Capinha Silicone Antichoque E Película Vidro Iphone X,1
Película De Vidro Temperado 3D Tela Toda para Apple Iphone 12 - Hmaston,1
Pelicula Privacidade Anti Spy para Iphone 16 Pro Max - KRAMAC,1
Pelicula vidro 3d Premium para Iphone 16 - KRAMAC,1
Pelicula vidro 3D Premium para Iphone 16 Pro Max - KRAMAC,1
Capa de celular silicone Transparente iphone6 /6s - MDM,1
Capinha Silicone Protege Câmera Compativel iPhone Xs 5.8 Translucida -,1
Capinha Silicone Protege Câmera Comptivel Iphone 7 Plus 5.5 Translucid,1
Capinha Silicone Transparente Antichoque Iphone 7 Plus,1
Combo 5un Pelicula de Vidro Temperado Iphone 11 Tela 6.1,1
Combo 5Un Pelicula De Vidro Temperado Iphone Xs,1
Combo 5un Pelicula de Vidro Temperado Iphone 11 Pro Max Tela 6.5,1
Capinha Antichoque e Película Vidro 5D Iphone XS,1
Película Coverage Color para iPhone 7 Plus - - Gshield (Cobre toda tela),1
Suporte Smart De Mesa P/ iPad iPhone Celular Rock Ajustável,1
Suporte Celular Smartphone Iphone Display Mesa Universal,1
Película de Nano Vidro para iPhone 6 Plus e iPhone 6S Plus - Gshield,1
Capa Capinha Compatível Celular Iphone XS Max Anti Impacto 6.5 Polegadas Case Transparente Silicone Anti Shock Proteção,1
Pelicula De Proteção Cêramica 9D Compativel Iphone 13 - Huang,1
Pelicula de Proteção Cêramica 9D Para Iphone 7/8 PLUS PRETO - Huang,1
Pelicula De Proteção Cêramica 9D Compativel Iphone 11 - Huang,1
Capa Capinha Case Anti Impacto Queda Compativel Iphone 15 Plus - Ccs,1
Pelicula de Ceramica 3d 9D Full Cover Compativel iPhone 15 - CCS,1
Capa Capinha Case Anti Impacto Iphone 16 Pro Max - KRAMAC,1
Capa + Pelicula De Vidro Para Iphone 11 6.1 Polegadas,1
Capa Case Capinha Dual Shock para iPhone 11 Pro Max - Gshield,1
Película Premium Hprime iPhone 12 Mini 5.4 Nanoshield Fosca,1
Capa De Silicone Orgulho Arco Íris Para Apple iPhone 11,1
"Capa Poliuretano, Elfo, Iphone X/XS, Capa Protetora para Celular, Transparente",1
Cabo de Dados Speed para iPhone 5/5S/5C/6/6S KD-306 Branco Kaidi,1
Tela Touch Screen Display Lcd Frontal Iphone 8 Plus 5.5 A1864 A1897 A1898,1
Capa Para Celular Customic Iphone 12 Mini Impactor Ultra Proteção Militar Anti Queda Cor:,1
Pelicula Hprime iPhone 12 / 12 Pro 6.1 Colorglass 6d Privacidade,1
Celular Apple iPhone 14 512GB 6 GB,1
Celular Apple iPhone 11 64GB 4 GB,1
Celular Apple iPhone 14 Pro 1TB 6 GB,1
Celular Apple iPhone 14 vermelho 256GB 6 GB,1
Celular Apple iPhone 13 Pro 256GB 6 GB,1
Celular Apple iPhone 14 vermelho 128GB 6 GB,1
Celular Apple iPhone 13 Pro 128GB 6 GB,1
Celular Apple iPhone 14 Plus vermelho 128GB 6 GB,1
"Cabo Iphone/Cabo Lightning I2GO Certificado MFi 2m 2,4A Nylon Trançado Chumbo - I2GO PRO",1
Celular Apple iPhone 13 Pro Max 128GB 6 GB,1
Celular Apple iPhone 13 Vermelho 128GB 4 GB,1
Celular Apple iPhone 13 Vermelho 512GB 4 GB,1
"Fonte Carregador 20w Dual USB-C + USB Ultra Rápido Baseus Compatível Com IPhone X, 11, 12 Todos",1
Celular Apple iPhone 12 64GB 4 GB,1
Celular Apple iPhone 12 128GB 4 GB,1
Celular Apple iPhone 12 256GB 4 GB,1
Celular Apple iPhone 16 Plus 512GB,1
Celular Apple iPhone 14 Pro Max 1TB 6 GB,1
"Capa Anti Shock para Apple Iphone 11 Tela 6,1""",1
"Capa Pong Apple Iphone Xs Max Liquid Silicon, Customic, Capa Anti-Impacto,",1
"SUPCASE Unicorn Beetle Pro Series, Capa Projetado para iPhone SE 2ª geração / iPhone 8 / iPhone 7, Estojo Robusto de Corpo Inteiro com Protetor de Tela Embutido para Apple iPhone SE (versão 2020) ()",1
Capa Carbon Para Iphone 11 Pro Geonav,1
"Capa Pong Apple Iphone 7/8 Plus Liquid Silicon, Customic, Capa Protetora para Celular,",1
Capa iPhone 12 Pro Max - Defender - OtterBox,1
"Cabo USB-C para Lightning conector original Mfi Apple iPad, iPhone,iPod, nylon trançado, 1.5MT, Cinza Escuro, LIUC01, Geonav",1
"Capa Case Capinha i-Blason Ares para iPhone 11 Pro Max 6.5"" ()",1
"Pelicula de Vidro Temperado 9h para Apple iPhone X/XS, HPrime, Película Protetora de Tela para Celular, Transparente",1
